{
  "songs": [
    {
      "bg": "#c9bea28f",
      "artist": "sickick",
      "songName": "talking to the moon (bruno mars remix)",
      "files": {
        "song": "https://raw.githubusercontent.com/abxlfazl/music-player-widget/main/src/assets/media/songs/1/song.mp3",
        "cover": "https://raw.githubusercontent.com/abxlfazl/music-player-widget/main/src/assets/media/songs/1/img.jpg"
      }
    },
    {
      "bg": "#ffc382",
      "artist": "travis scott",
      "songName": "a man",
      "files": {
      "song": "https://raw.githubusercontent.com/abxlfazl/music-player-widget/main/src/assets/media/songs/4/song.mp3",
      "cover": "https://raw.githubusercontent.com/abxlfazl/music-player-widget/main/src/assets/media/songs/4/img.jpg"
      }
    },
    {
      "bg": "#ffcbdc",
      "artist": "randall",
      "songName": "waharan",
      "files": {
      "song": "https://raw.githubusercontent.com/abxlfazl/music-player-widget/main/src/assets/media/songs/5/song.mp3",
      "cover": "https://raw.githubusercontent.com/abxlfazl/music-player-widget/main/src/assets/media/songs/5/img.jpg"
      }
    },
    {
      "bg": "#e5e7e9",
      "artist": "arizona zervas",
      "songName": "no i in team",
      "files": {
      "song": "https://raw.githubusercontent.com/abxlfazl/music-player-widget/main/src/assets/media/songs/8/song.mp3",
      "cover": "https://raw.githubusercontent.com/abxlfazl/music-player-widget/main/src/assets/media/songs/8/img.jpg"
      }
    }
  ]
}